NumeroKwh;ValorFactura
393.3039152819416;90.6488787752706
952.1928772176187;213.65555263383624
740.0341235570629;167.5810282906523
610.6987296711255;139.7210860344638
181.33808122916344;45.80796249664921
181.31468472611655;44.08605168906529
86.34110380315347;25.487731405653285
870.1908614016871;196.1708659073286
613.0815613909125;139.8565762116523
716.8304004621641;161.95547642252828
49.96695946692837;13.5684908224513
970.8125565971345;219.46280784773063
837.4693615764091;189.98010344390244
235.96893735792787;56.63183866162592
206.3702181908876;50.468438719220146
207.9023745578308;51.25446162042687
325.1149756707516;74.96274879067882
539.0137386832707;123.05396983297327
448.9866680828523;104.57133165784934
312.49226599210067;72.49400909509289
623.497307880708;142.4629656659224
165.30904483248057;40.01140805852232
313.38030907916163;74.41009797984908
385.370987994881;89.74597587657634
472.38788469052486;107.31020281600996
791.6206825512232;180.32128951572628
223.68356869360895;53.47579353579592
528.8074052612033;120.52737672045033
604.6421317961812;138.2218381923908
75.0569003383978;22.66115542387623
619.3185063443952;140.23424957678856
195.4083999766728;48.051527844715984
93.10004519572114;25.910826443389222
950.4189711357333;214.78527925712444
966.6630720823226;217.8423174133882
814.1454276729673;183.7449662489695
325.4753560981696;75.77698812094859
124.74195058619236;32.52937301200869
693.7060357167921;156.54318884570867
456.94791892741324;102.6071916805363
148.37708779943546;38.07951912003347
510.3216028079321;118.17468745883126
63.356865481761844;16.575577970445767
912.0407900164186;204.63924309890214
281.0165821520164;67.4428023344488
672.6466158233625;155.03975095085147
332.3597438067286;78.1399373451557
534.4659805424765;121.85451277811569
560.3089709629812;128.08507717075102
209.30882185976122;52.422817228295656
970.4970889316218;217.86339538583223
781.8788386602811;176.21415249861158
941.3139733172634;211.60633060761592
897.9825299148193;201.60282797300155
609.9629794467526;139.31452579428034
924.2180079724234;209.9526402124027
115.83772699036192;30.807379210995652
220.10337654657084;53.17038933811929
73.87047024322193;20.95969218459328
345.5704208403664;79.46230177618395
407.01697099879755;95.42684339688262
293.20856082067905;69.4280461835366
833.8753838773714;188.27210453943107
376.0507268927816;90.92426748425682
302.50647439675936;71.85017727565274
556.415200663501;126.65955309587504
166.69649822551978;41.24687201340881
808.1310713314185;183.93728140210882
102.3141243693777;27.62237777180086
987.2803285025018;220.76339429223304
779.0774262177576;177.3162627024819
222.75421108814723;53.3377823538534
35.35645360989433;14.651717570394299
820.9975856011891;186.69951689797625
715.6516235321886;161.99603528142276
737.1369529997577;168.4511460216818
778.1322362853674;176.25694749330825
101.82331218206765;28.253902355177104
377.71175668794444;88.58131928864225
142.39298773937583;35.48010064767181
867.2103230993257;195.1427212495342
634.5991830227312;145.641781082582
350.9710841070697;81.8788631714488
91.65159977744293;24.75970348779545
331.65285206419236;77.00850487477297
345.4278223659446;81.41771998610128
737.7179929879221;169.36048337658602
648.4307472145567;146.5872314729482
890.5963602990367;200.95541872246085
488.04847740709084;113.78288558497542
146.00641856015264;37.041770691987864
721.8474436063052;164.2588093896369
767.9614971583906;172.88913584669905
574.4388816424114;131.80486105853814
777.8381645559242;175.93725193729878
508.98172847345904;117.96171025984086
537.0508445005343;124.3385718416823
444.71478780779313;105.4268169597331
54.65655294177233;17.60407482040349
134.6546841835053;34.94982683695333
60.48631011613222;18.501372527126428
647.3180989258669;147.05681547088003
334.9253016440369;79.02205020514981
523.3135704297617;119.83358408440854
910.3394797083103;205.44314651209788
271.8134622744087;66.11655923597787
428.0714353445608;98.16917321052374
762.8846043867572;173.97449152621564
251.9342205268738;61.7426435832521
104.6705125339292;27.909444230473348
311.058909326355;71.3111051527895
186.3846486363843;45.396800712910114
931.8067227722959;211.29447355646622
813.8767681774845;184.03002093674772
644.4016438151108;145.76905940702946
875.3167724820862;197.06491502483075
809.5619145921411;183.94424123677558
210.97295711945478;51.960784134481436
895.7822285352785;201.8331581785916
553.1619746581812;126.32881001298517
813.2169505091407;183.51597096296715
899.2085609257884;201.90347321917497
338.46337072270796;81.07731724846519
136.75036679184646;34.762760224994885
251.09710766568344;61.458522207275855
444.2945549674686;104.26611814476556
823.4743229448184;187.162661946008
864.9086657586531;194.84828615418564
36.743566615254984;13.487314745692705
525.4248835002387;120.5692787636616
434.88867305431563;99.77180621121931
245.44457615660835;59.322166036175446
146.2694063136723;36.000229597848104
357.4867162615191;84.83475696599577
944.6224127951435;212.35231351763318
343.50684406013255;80.772665349102
533.2269030910651;122.59320655158045
711.9283901283225;161.36534085452686
382.72071430791516;89.78525094921662
972.6286202393319;218.50339279603048
963.5738760938478;217.85755003810377
274.2288269506032;63.984362248885965
512.3310507156139;117.83921073698146
321.85196052226655;77.74636031395693
306.2952795461436;71.38463017554602
65.78033893389681;18.793929594932447
621.2774039604999;142.1949367209689
517.5986525319956;119.05128533897864
79.93438871248968;22.936195616021287
300.28707030951307;71.55234259824054
911.0179093876541;206.05866153384565
262.37503394696324;63.83220731028813
170.5480259284864;42.93038436119552
504.7691774692361;115.8079613886134
986.0809404872826;222.6103806084049
264.7936133661554;65.1544768754494
681.9714809837022;154.90109207003192
768.7710268688561;173.15509660647768
260.5084176726277;63.41893255726506
736.3698581535037;166.88098762981724
386.74963873767564;87.9122509762746
643.3366556757721;147.38148592582027
644.5238194380679;146.259912090421
549.7014435525157;125.8437842992493
117.58107695277606;31.199817260179746
840.2434207215608;190.04405223852245
341.15666302258376;80.76391768210746
210.9229550878586;50.967563748759055
69.551887308121;20.8145210059627
603.1661548925946;137.43700739878688
687.2374309870139;156.93104529803057
46.090194060020465;15.755210177217554
526.7302665503025;119.94521993902197
249.7009019419998;61.02018054341499
655.8176066971664;148.74391002826258
199.1354361348417;49.61785374794633
700.209605959392;159.41340062446758
405.1332859115213;95.96750657732981
938.6280890746325;211.2747136140473
163.39531582161345;40.59765268463676
360.83436051875077;84.36413970823743
140.0693156033714;35.51206964990743
926.9528097302059;209.72956004258734
881.0191727795516;197.20790740306478
280.20337888370096;65.59106093526785
670.1845246531536;151.3727925021146
822.7055341951793;186.945525114913
568.5447872514785;131.79046656790717
543.7610610053263;124.5229842026343
264.59672217343814;63.04245715496638
120.30968477172223;31.538182812892074
900.299285214727;204.22772104984813
903.4055154484305;202.82186026446414
644.1084135550699;146.94221996485015
358.85889731723967;84.92415503957515
368.7332873742811;86.62241739228169
734.1770085041322;166.70852348750782
900.1969521539997;204.0443755664471
890.4738315371637;198.20101064517678
786.4792794818951;178.70331680554781
652.7706967696591;147.9554776061976
111.61576604519736;27.72483563308696
186.77985267177536;46.602770187315556
901.5975628712669;204.72512237684165
618.2361878698023;140.8745128167288
38.92114006813076;14.515525362191706
128.42739658005115;34.8663055055999
673.5967160348141;154.50619198124315
34.909736330832125;14.320106522154461
185.9838098749737;46.65856566356611
562.2717756855885;128.77522428973106
701.1383417619124;157.64846937572358
662.4024217175225;150.482470289725
247.541230176743;58.61582404356727
720.8138447071098;165.74998855306197
260.1316148718961;62.05306945938481
345.6377072144897;81.16350039397221
754.0966629644835;171.45275122822682
660.1439120757982;150.27526310304808
853.7467081793526;194.51932683988832
667.884505531333;151.3119418551588
581.2593452354075;133.0716634070269
120.8645247932497;30.847724868816886
386.6843289676505;88.75052986166241
287.24629665127367;67.58241617237492
266.66995407771105;63.63035310004802
973.8202381098722;218.8111501596546
411.3047929267576;94.79463346401282
895.2851585217999;200.55641741112416
642.204467217345;146.20187721518724
800.966964435399;179.70801180175678
517.5579803120363;119.6228116323376
589.5967680875683;134.79372873219953
507.742163004298;115.24572436148063
219.38569816410316;52.95564451905283
730.7785518036602;165.01912499121465
302.3491915676301;71.83599665529779
53.586487438510225;18.129477682495395
656.1081270299528;147.46861547694388
201.79735902483748;49.510445064611666
942.2448268223269;212.13372910534525
955.3107196925098;215.8396984088026
917.418458513835;207.04525750128138
389.05393924778105;89.83989730277301
44.9929180330014;14.579388031593691
930.4690057100936;208.90715539941712
445.3386238677949;104.05050438951348
967.6551744723595;217.90545003259103
964.7113777765752;219.13769379659954
857.4191718033393;193.57155698292001
315.6154253074981;73.72698680073913
403.5447967438675;92.26614089103802
855.6025713713512;191.42942602544133
337.4143450015893;77.64701995734416
194.4079642855097;48.03687879382362
570.0972245845996;130.93011443184184
938.0701309359575;209.79423810387854
705.1489027747239;161.02779692451537
582.959334986684;132.76799264538704
124.26119895764548;32.48425678266756
626.5570098981947;144.45476280585825
990.3522346011354;223.7743309281153
165.8814947794283;41.22539820356839
532.7797627928246;121.32035558900614
881.0518797701168;196.67959814809637
748.5455592215783;168.9608697095048
706.10526876541;160.1320288895625
711.409561467496;160.52292399569797
378.7064166831625;88.18415470320345
314.7840889365586;74.32935144900165
815.0803208141582;184.09281459730673
815.8099928388053;183.8281958437137
871.0601490227006;196.80188745696086
915.8433359797772;206.92747456512038
526.0021268951097;119.63006883948128
516.4708058465836;120.03450966599468
804.3463235977719;181.85760305922557
660.4650128544322;150.32115245091993
710.9078709399722;162.10794603005044
801.918889353018;181.65537178892748
893.3051815630394;202.4802765777819
357.85530214598975;84.01529063731958
394.3154640607457;91.13696471872362
121.16248164564293;32.01724948724755
590.9317367662887;133.86125588126285
64.86400558283982;19.378640934001286
481.63007758848636;110.92538707882254
556.3652956663493;127.1922481893243
307.9450145644359;72.61936569273696
603.1082627519404;135.80196875992925
59.58524244087795;17.560028429252185
66.22774308673799;19.66294838022347
827.9225438398685;187.30281603676846
379.384922168925;87.43700773623753
153.24869727232823;39.98042124077691
536.5759622531602;122.18053684748075
776.8937465056525;176.8860814317703
239.34639667193787;58.08340162969802
634.2037615444302;143.87860022993087
112.78704104395496;31.5884599222796
80.13126953354947;21.435242465624405
545.4139926211036;125.91023255025279
554.4160679618034;127.97211726963971
648.3070044532603;146.95692077064064
734.3085937109817;167.94035591648029
976.5765170786585;219.59678724270591
530.8113378521595;122.06718795675495
343.2677787530086;80.77923316443311
801.3306089256425;181.15842522217082
292.707283724212;70.20641069248641
455.80227808446705;106.06998989913497
106.10268990199798;26.594059805201375
54.59022111299379;18.314188887736787
963.7689622375873;215.36667970423355
840.9007168968396;191.0307039216464
705.094979910887;161.24760071722272
426.68435608184177;97.77959190778999
198.0954904687204;48.1701936151639
181.74393139095346;43.87796023752383
272.73561121965747;64.78691343803591
562.7498647649369;128.49693596410037
723.1580450190604;164.87443043646263
670.3914554161993;153.79642893768346
301.53588003756454;72.73357741905416
956.2193222432983;214.80608286694732
745.7600091948955;168.8579801491325
567.7234309360587;128.21571661371195
623.3691238473217;141.33533717991457
437.01206055495624;102.10750495518782
270.29905981612274;66.08137598309524
375.2934982917237;86.3302207522993
765.110727150438;172.73189571394346
43.96168397086319;14.645164716630976
142.59046129170875;36.650062642995536
74.62256276110017;20.607360287520393
69.50693824940103;20.715587459332315
859.796766490677;193.68144928087804
712.548123598623;161.74613492081878
489.94861421470546;113.3349793752389
124.89913583147144;32.48423215273466
506.86739886332737;116.07444185940545
489.2676176571487;112.52926608064688
198.00581381271473;48.47291607959191
450.83609976083386;103.81393091750132
416.5495923654522;96.38211425773238
627.3745951106499;144.62105809484768
646.0408413416145;147.68990454309645
73.94488947888318;20.97239536732514
393.37423618767707;92.23928636579969
637.0841182428093;144.82468652366205
518.0421708226851;120.14240221857736
860.7951459526726;194.74457430178606
668.9328226703767;152.05791884347866
188.0463942689868;46.817923664987376
98.45168497841695;25.088494543183227
653.1466998601261;147.56550650031792
55.71597122537316;16.06358866318304
598.2023138352594;136.74745213852074
942.0233341822088;213.97764851957103
588.2099525396026;136.6374897049052
406.52482842032623;95.07351335391252
653.9895718890825;149.3785502905426
474.50530377677114;107.59010909673691
559.2482856364569;127.4919490402865
943.2208645132295;211.72080644100222
404.51955866675104;93.37345530843412
962.3548469091968;216.54992250143852
908.1901226973819;204.3297364157269
219.91740074561756;51.402528353660074
97.28046184891049;27.149611862877844
127.75466133610385;32.03328246820305
47.675170882003236;15.727784458151863
121.60967193325054;33.82821049506509
692.5165702138661;156.43426085546412
99.05298900642212;24.261370058666536
339.40636138494847;79.38339528280856
849.5290516403709;192.99735099588017
52.57377766375109;18.524578540245834
820.0344281112677;184.1780245900265
303.3991315301979;72.24450815988006
144.61988279300655;36.35106375768139
705.8350504032261;160.1777627344056
640.0745613764875;148.4607468498443
881.1478531212414;197.34955735827796
743.0189124897691;168.71790040924378
809.3765024733032;183.53052371589212
303.57353539416727;72.87196411165615
202.11635746633112;49.56358179606374
758.0963090916326;172.08923853966328
812.6296970892461;183.38688479221236
990.7899877406531;223.2429242441888
430.23914660408366;99.30941997740099
390.8575432189997;91.61023139803599
783.1205719197369;176.9169154862985
360.5794340454273;84.7045758838962
932.8346058354578;210.19435047011575
862.6603692877214;195.9113314940709
446.1242065537678;103.09593171824042
758.3449357577524;170.06285339849865
761.9065878621419;173.8813708303852
130.03015277085464;32.7009013087254
905.4763194791797;203.55102394677073
520.0948012744215;118.82519498632922
831.6637421245093;189.34046136056287
340.4481129996934;77.76291064595387
898.6575316413144;205.84240549474916
407.5256283721382;95.71169505093646
40.51252193588941;14.13599374002483
908.2205171266858;204.75361976725458
118.54807648254955;31.366130901018558
339.73422846270245;80.26265269017388
951.5601080392807;214.98843935459183
952.0889325294294;215.0151696224779
586.2347514795875;134.0612260067645
642.8820958047053;146.23672265672784
464.99215631897016;107.14700110651992
314.4144485471226;73.9762704000143
348.8046090088185;82.87078407880713
682.3429023947273;155.70899524912085
759.8032935545497;169.21633594733663
797.8316724140731;181.17886870762584
795.9295985107173;180.2992478670766
118.46991995722966;31.04467363414463
509.587695561504;116.72077457044199
85.83199721614496;25.0071521075379
563.0430158540235;129.816989950008
458.2845863321757;105.04973132525505
891.0730572755508;201.4431248877457
370.38756217551634;85.51360694407231
143.55500593477768;35.202483140862164
168.70193159125077;41.4877077254852
768.6653127659481;174.96876228089135
629.6715214167732;144.48085975706618
128.08899583910653;33.69266450470072
111.5836019315475;30.27348821178845
709.9400575153464;161.7029909404912
100.58011617326773;26.486143962895948
827.2042575116456;187.41685919723596
715.0549603418013;163.112500800424
108.90831722264278;29.71412111879499
112.29258266263616;30.8932815572546
987.0403911461402;222.8571898993519
393.0426718834367;91.82083602189765
389.5228826548842;91.76518442239096
818.4155802397775;185.024906393502
948.831120062343;212.86097176248774
986.4210319081848;221.84956005585687
760.7768397011733;171.6260020894517
394.9717979649883;91.21861727732303
110.9956951977087;29.274534272780397
783.8325084496137;176.65073193791505
571.6521222437309;130.45550536398176
441.495348969567;100.23536210635095
909.1637535418939;205.22931948658962
137.8615578369668;35.33074819949492
507.8463511621334;115.90910862460116
41.0130354243965;14.682113461799634
484.6008227343025;112.54975113917311
84.61417741138223;22.007559166135117
145.25337878002978;36.19301855304034
144.00045937379173;35.910958712446885
659.7339930525817;149.20157537045912
753.6635328874606;171.63545207717308
595.8677021442448;135.89706833296106
963.3073720203057;216.66310700315665
393.62446213799296;89.5935193059517
307.14072369340494;73.20637724275831
872.5411543437765;195.71979556077736
246.88796336386906;59.375284570317525
964.3258632573929;217.42906685458465
41.789840449121854;15.554423494645459
970.7824619064098;217.26332122029106
71.86511459205883;17.790813054432114
894.408820287129;201.95379000792207
541.8700758137109;126.01192786052725
993.1758522357213;224.73763384479815
101.5826677933369;27.557846329808743
567.2386558692812;129.30086810560982
970.223459550526;219.25628369775302
537.4049088450444;122.25553374620529
640.5166789912047;146.39002714742125
704.8762283150786;160.57824038848392
470.90483282474;109.65927312894168
638.7313376815415;148.2805543288502
596.7848825654072;136.68509013156836
904.1232701762593;203.39815581306954
74.08298893121413;21.272683252675115
302.5342939044634;69.78846875409283
951.899139554262;213.72309757084858
893.5558703741888;201.1730090442084
471.9870502021416;108.31306264653655
631.5286198674906;144.08865124288167
299.0597474916987;69.97072451579152
212.47752493204848;52.86608615237513
479.7874527917827;110.5534466791104
372.75166118527125;86.99606513962105
596.146428495346;135.82431955246318
105.4025978560353;28.343762212186746
975.1629634361815;220.3609502206276
986.6244221452148;221.19024265623636
707.2168625991528;159.92959328273835
550.0134753537968;125.69923854905863
330.2417877977379;76.30732239202912
819.3811691157402;184.44459934574138
694.1892373772629;157.24541134945318
187.73843116454455;47.17684403691253
913.5993689590272;206.2544224999879
827.861125635474;187.32303755117184
951.3059158931663;215.1381994586646
733.9479231367092;166.33117130167662
625.0127400577162;142.89326766262644
435.6957452019003;100.74984219148557
934.7466288533928;210.90962069714604
870.081972815396;195.83527536177556
73.86211000300372;18.810847042384392
55.57596526233444;17.092433195527274
395.1694658717081;93.36003062787572
816.2367308583779;185.4982961910847
987.6578454354961;223.2501234804003
175.90438437042235;44.935095283299134
606.306793891571;138.47615224710708
399.4641309320909;93.0794245124656
970.8169658801651;217.96208059820196
846.8553554416375;190.99210534113317
843.1788435698037;191.11511673512797
484.6323650011212;112.82300473741547
432.37491726753524;99.98303552317675
295.204859772785;69.4948798851613
84.6842317513993;23.631058944164444
868.7807049674017;196.7329618417575
818.5139788561752;183.629220532225
999.7261430875467;222.64357052612303
996.7377319616883;223.73176418207984
568.7687544345487;128.90841354968651
775.9177927250952;175.19377420187362
946.4227579859552;213.06522643809268
854.1579689570891;192.4615047615366
269.92765869090175;65.83655244646913
467.0278112507907;108.07286323977628
155.28463269695013;39.46309355293986
955.4294964409607;215.81669636105477
617.9893954173536;139.81883387403704
251.78352133835884;61.43148648185921
681.5496638736811;154.86516176567437
629.584393244159;144.1790471309562
377.41783649185527;86.96006679516802
140.15086443364015;34.27943140938476
681.4259997250156;155.73160959752846
534.6984698766795;123.01007289896701
779.1488399835702;175.5106932420279
534.5585960786336;121.7332280560247
856.616055308984;194.58096695239126
565.349633611251;128.18750750160788
574.1098323893247;132.94683607890738
880.3539945785947;197.77725807264295
421.3783802260251;98.34163557533391
159.9947715971215;39.87023127561775
57.9191960239388;18.345410556348877
762.4831380034104;172.2021763586361
631.7002648128607;143.81126535275706
712.9573750562469;161.89154168777003
236.5752366636434;56.04436461022008
162.28033131916666;41.442497235636786
44.10832569784547;14.19061808705442
370.06993204239905;86.18678513398778
602.220156248994;136.49408500017017
410.47672374674033;92.74254556548756
454.35067436301716;104.76612059726361
907.033933658936;206.96008082657883
367.8078030126013;86.70232095067031
528.5698044850164;121.26609660696923
790.1434223589088;178.56866208975168
414.64649885163203;96.2446956401711
633.4240992210373;144.90042094380343
866.4927974843429;194.44760263124658
951.0350049479129;215.3420227832097
172.6612765011668;43.70086214569794
928.7899964066496;210.05198493517085
507.352804287152;117.05609268198317
280.4970566499896;66.7289691206917
475.36168355111346;110.25243161721178
980.6315980269127;221.33076569966215
507.8395511730835;116.37066054713735
348.889061978883;81.18199186245735
644.398828687224;146.86959860645126
262.9412502148473;64.39609519876159
103.587428265404;26.55012714273498
155.01333025332974;37.6354073899801
154.20446378903927;39.089742874825156
177.34561270692552;44.066922497379636
164.66235746992783;41.399060307754525
651.6485024591182;148.6066237389145
206.42368186717047;50.1900077561427
365.2972648241473;86.8552616999145
899.8847576088315;201.3737426954664
489.7427910549862;111.91491700731672
677.5310063653964;153.95356664023817
197.15027506558096;46.729871703273645
216.52034824441066;52.45862220933827
69.6425577784845;21.98283287699461
193.86701117999962;47.67162894789588
300.23262886099985;71.28187925513865
201.7001697484444;48.11387257948519
116.04145774434394;29.912759295716192
147.0167949675828;36.96849851254428
476.955404991744;109.61247400142744
230.14370685361874;56.91325930279989
383.3417652166332;89.89287940838442
518.3147527292111;117.91778764348942
699.6829837704844;159.17676120793857
68.13277564586596;20.487432390587298
805.4280869417713;183.33432816571096
639.0633778061805;147.1744838039281
109.30626099040575;28.032283226061395
877.3712653835739;197.21082087317592
923.2462285158588;206.8565924145743
89.24562105921784;24.400016773920942
298.5713187027876;71.15204848905961
812.0152413992695;184.6306876244284
755.8118996721486;171.20266690423017
208.985388775686;50.65693800739608
233.068843636609;56.426903592302715
389.3579397076405;89.8236038340509
499.9872956352907;117.08674376145873
629.707128384387;141.92790721744709
387.84623038267927;90.51091126308516
478.65867464915345;112.3285146420434
755.0468099897438;171.11709804230364
65.58270680387996;19.238156461852096
274.8638360137001;65.1125985002036
721.9490983080159;163.6484099460011
898.3506325565834;204.00998763712485
526.3271188521961;118.58010423615364
546.1500807073562;126.6864514569147
133.95685099958277;33.04655006745807
463.989995818751;106.81114675089081
546.6387484613724;124.83128024120327
265.1963885256878;63.93175874542203
291.16593402089956;67.45838113271415
395.96563821148396;92.57461307260841
49.469061844394574;17.90750322905366
342.41679061568294;78.96851993085744
235.10456678664832;56.91271086067302
347.6724316125772;80.82595277697038
146.16926786467369;37.58312613642125
893.8114623176981;201.65766948730933
605.7846799474272;137.63114267938968
688.7292495701549;157.00830719030517
795.4961014491181;181.8134904285927
513.4889329611856;117.77666145973353
114.31267944480098;30.868547420004397
550.9933455639914;124.92526306620694
599.2358844802527;135.87545820883759
753.0762899588001;171.14919006881638
448.709759842789;105.20026319394955
153.75289371169686;39.181249965358965
305.2626286247627;71.84472026692465
382.18982750667607;89.08105345689208
656.5397240916532;148.18833156619397
583.6549555288445;134.00860554270116
375.4138241209109;88.4733743689238
986.9197913291903;221.67026375958878
617.6015747761805;140.40230430300022
260.10998798391466;62.49007558611327
128.72899844179162;32.88365992115356
178.27336500880207;44.15400768731063
268.5789965329729;66.18710102642054
185.860932061769;45.642379352843186
210.9700133297666;51.05506278052743
306.5423136330317;71.79176719363181
198.17238743591219;49.34211720740062
899.8624618876324;202.78851744206102
107.82673329179295;28.072508285873024
538.776047883147;124.85203456656535
428.08492217997167;100.5982858841074
982.9072584013483;220.63917328255792
138.67773510301078;33.64256177130176
415.9199310743694;97.5098985261982
970.3863202771078;217.8003606352037
869.5419121171609;197.0898462649382
822.5599088208015;183.9930761228645
280.16574223359163;67.52906062968947
195.76095976836385;46.85623921975927
678.583923326698;155.01922725094008
931.4947094537582;209.94310914766325
570.0600062235119;129.45926194977596
584.4643087858028;133.17511161994983
301.57972085047567;72.03385704406135
776.4081451961788;175.91568639627457
211.43243610079767;52.099548922647976
343.96885931211636;82.6495896331811
442.67334545792426;100.82389438903228
522.3820673239213;121.54126738623131
265.13744044262785;63.434592834901345
141.39171999702742;35.207394351022906
622.3014411683836;140.5760034313054
309.9716366430481;73.00463967069355
593.8010747799339;136.55788656350992
179.73183381597624;44.41345431913724
496.705898799173;115.7864526660654
546.6117495750383;123.80340921645687
80.2688307177541;22.647053810059845
356.50614984810295;82.17895952216954
160.382236630805;40.64772394140207
91.47372135858471;26.011106088985937
990.2614254182469;222.43675179833323
342.68322962548126;77.78609666097874
815.5782124789959;184.62615489217558
277.00143512085094;66.37705427832073
691.0576405572114;157.43697567754822
767.4210240929959;175.06840749228127
607.7695783896089;137.63825356606492
487.4289028936536;112.91457474205426
429.48568672285046;100.67935859150508
368.40221854670546;84.26990049626869
931.643269920391;210.28117120840503
835.7008255540973;188.35000179089374
966.0761033465172;217.45522006313215
150.5683067809784;38.47270397535358
738.9414509475349;167.07989064434412
940.1902431164067;211.16614540644787
205.79607418069034;50.309288737239896
94.50137934577417;24.70305751720751
748.8870298113573;168.66932142961343
587.2389197845146;134.8719356355497
846.5739134555239;190.0974669250566
165.5792053275008;42.09373767295939
801.4092925040935;181.7726356437545
225.5785004463122;52.901463369398094
188.74626457973338;45.84661355520569
189.33782399306315;47.848430681521265
820.1374786244406;184.44907976623725
675.2413040753141;153.08868263425973
537.3734620260458;123.68422253898197
378.0655695997974;88.95781582123803
880.8845245887151;198.5430565234728
410.6717541999563;94.75027572929875
822.1014562874298;187.28469024493307
455.9608613131119;107.0502891526822
395.6360965421604;93.01879929005707
478.79939209951823;110.42118440445904
322.3365379392178;75.105772624987
755.1810987709636;170.30939732305544
517.6387783897047;119.4030453510008
255.2463142924128;61.5725873652195
902.5873360763314;204.97081252973936
402.37448473201505;94.17283673357944
557.246275280569;126.09110025996534
909.2779476356105;206.09309609755724
635.5108560365724;143.81432770073152
143.39109948711314;36.162070615212535
941.6371599050709;212.4103753853673
638.8768114792754;147.54856601522454
354.85844621737357;86.17877672382754
165.09391048348564;41.92738336550302
800.2044335921871;180.86177877156078
631.4705732506582;144.45803176362534
547.4572592170318;126.32825245362083
897.0758055594289;202.03600959751716
794.9392948877949;181.6818562312272
177.12463334076864;44.1974900941605
332.3704057616818;78.6192323566614
271.03446562003177;65.29350668846145
751.6279037954966;170.77972544562374
62.526461693706;19.59476207308493
582.792994325177;132.59720556499204
769.5849251684698;173.75038178311732
880.462667658897;197.60163265198562
361.81929625443024;85.03974640659487
826.6195855318525;187.63524532051966
137.312784846551;35.66658553239311
851.0587229824827;193.9074114894937
153.66400246202295;38.80048452281601
415.3686718435562;97.04984946117489
803.376504806167;180.6511301812174
175.41990452831055;43.20527929375392
252.37385337566224;61.21778550021147
730.5849913412743;166.57780020582348
728.4354404496921;164.96182995126807
651.9132038987384;148.3493056058644
703.1299911330871;158.17072430259836
556.4427100471682;127.06036700957041
274.24508713974416;66.2243023342635
365.3251136988019;85.94673002984298
206.1497852973829;50.853618486805445
911.1970444936195;205.51312347577726
595.8900409231369;136.1028721617183
418.8258742607307;96.4813711978873
478.1456295348087;110.89086691786044
948.8648394234608;214.17123761755076
178.7508610225978;44.817208272964315
598.6429370562934;136.17541130971696
520.712018517932;117.4033011540738
623.1106083716084;143.18148655350754
47.566878306215294;14.98587577135896
875.960191675827;196.84846640463883
934.154734009104;211.20752039391687
578.1791880815326;131.80740873801807
705.7512991605855;161.32522219937542
924.8243997419768;209.0783738928116
716.0214752839967;163.20829388567975
177.9628716268335;42.78587604670284
588.9997093618088;135.79188004498434
618.5135949913703;141.33424142933532
441.4067511633144;101.74020811668296
744.3509085559812;168.9005883496581
936.3360043259444;209.21768571880943
927.8014575195731;209.52497346578676
467.31419026200814;106.77975034945972
139.8409044655326;34.41232869657363
985.2959629934645;220.2427526723443
843.7311438525561;191.73354002255226
150.92280076716884;37.57375277508436
923.2166261388511;209.64138546046374
873.7994712002644;196.70008220100587
533.27291541229;120.61268343311085
603.5371726725814;136.66165354801925
417.03262275402636;97.98298862589274
83.1187896573704;23.130235546684823
355.1413243965239;82.58280407074466
808.7678451400711;183.08894415666842
34.49306231446477;13.090256445349794
353.49419654040986;83.88612205479264
416.223632783215;98.01769844220023
551.2737348497852;125.92045302116367
922.2599479203776;206.57114085640103
365.95561453498243;85.09677003657286
366.5446058393409;85.90009379123788
745.3762106664559;168.0190074204097
468.65140266311295;107.14615767098981
247.8666782517825;59.87445709694204
468.8663306487126;108.10194039114633
166.63130976840586;41.69168514446088
201.09537691103662;48.48248758572799
513.4167395572954;117.72128198839921
436.35768601941146;100.07445778000222
917.400524036057;207.71831369905735
381.5220821431341;89.97010740621327
593.1706997697022;133.6513660870964
643.2963592819444;145.59568818183536
42.70162289068363;12.89782778086032
673.6312508562092;152.54885125395913
202.6948878636589;49.5094373602146
962.2382079453715;215.24276052828318
174.20284592051956;42.402766289388985
432.185400015213;99.07683063126537
112.78917803628454;30.020886497381543
996.9680242905689;224.40230968096142
517.1291600213053;118.04667765134992
607.5234668004425;138.83198356823675
95.06418306677466;25.36744019010316
757.4616562872025;171.36990927285848
233.6084253027182;58.067305656896544
901.1126607574923;204.58524641843866
228.98545126754695;54.07721804193273
214.96708904375657;53.12249200750562
65.45317781265203;20.211095673275036
487.90493675669927;111.19082279772122
577.895899264738;132.95587548199723
93.7373802455018;27.160155572422948
782.2617881941603;175.97504859647086
469.6901697055868;107.41433451421483
538.6585612477527;124.5225449413491
457.5398645300813;105.93026550744352
418.7401690490662;97.67431346603409
572.8511213689713;131.36783591757418
180.58303855279112;45.11896440254219
206.470286580413;49.09699091937978
865.9320523831118;196.55236923090604
947.7319982696238;214.670629611745
392.11003679136036;91.03481735003125
292.62233294924715;69.3334362990205
654.6795569418452;147.49839502465022
426.4721459651535;99.33812686835161
54.624764990534516;17.589505739631736
181.46801944520465;44.860773260945706
724.4930619819756;165.51282699590513
669.1562236528468;151.88029197264638
56.28311272837899;17.946890726136978
245.31299707496095;57.94919501779929
254.14255269042926;60.887809441020195
681.7359612907666;154.8075572260658
49.11922162173323;16.031536678822253
130.98532452503662;33.4472444666747
805.9186028119937;182.17062002296692
203.1883221927036;50.5274780538363
663.1637246163184;150.45925517835184
261.03729761532475;60.821628374632766
126.45815097656481;34.57037711904968
265.87702526947044;64.87439963797398
730.5989238999894;164.43950056289205
860.0255740630972;194.8953340991266
835.3132686299818;188.26594432804467
415.2680237299012;96.62245243590931
678.0425824735267;154.46359227318936
228.83476655334636;55.10924084141988
314.3532983531829;73.37395997211384
899.4457439654861;202.1875226200907
42.611865805413956;13.458418561709829
112.94327492883404;29.015698276113046
231.6496674916465;55.89574855811288
55.736237757605124;16.54621231756238
205.9923720371034;51.000373913875364
595.5503141406014;137.50831526626823
438.781814074723;100.95194585506903
895.8915597446656;202.33554764436184
822.9202548862877;186.54214118528623
361.5628311469397;85.015825123246
281.6407304283537;67.03691596215391
398.3016359222489;93.36904232125448
602.5860942393635;138.05118968534063
290.02173159818994;67.56711852927448
635.42444061366;145.66253299939447
427.1293026255032;99.85573741487745
565.4857654264208;128.643582289634
453.0427332612572;104.70733915292419
315.63178675566013;75.1223220790563
949.999707753292;213.7906218861449
770.697620334968;175.62645452145895
165.90978049345898;43.864024203180335
872.4139366209754;196.1450800239796
502.80826230202825;114.23677310329245
897.7156600872687;202.80126381480397
805.8595982688958;183.0106741242832
442.45709933515644;102.10969547988965
51.79522907051388;17.84821105883409
290.6170386033977;67.59714269302424
555.385188221041;127.87766003166062
644.4738732313629;146.17839129014095
280.1510548702062;68.35260997765268
165.17539185063941;43.33110156030879
839.8823296953201;189.00745594518708
984.8701152824456;221.12186822622945
539.9194768336052;124.64187279037294
196.52890727285438;47.849228950238455
294.13810672378787;69.66497226130109
47.83895625104273;15.54995879577181
916.869842363684;204.79169216381283
144.2185504034369;36.714243342661874
589.220981248826;133.93888810067753
295.8335640665898;69.59026127224999
567.5526624403196;131.30521774033915
661.8777767013083;149.35660398000857
834.8495495959855;189.4801060978648
230.2286336077851;55.37133646338091
40.665953798726065;13.6667496672239
162.77906116674305;41.60176535273518
903.0180825926619;204.00402946495453
877.6733752356398;198.6587555490603
609.490709105199;140.05614066367664
612.5013546206437;139.4189896333583
675.0855743098679;152.9065896136632
200.1101402647461;47.93908033168634
916.9795875472109;205.91009873040744
436.2074091453109;103.91472443727713
401.64437240201255;94.60644150917955
533.3501741243524;120.9859639411495
75.55698777180339;20.300079353053178
191.29486769339704;47.56673695426584
745.8926079335794;169.64363854276544
110.31470788737268;29.818119570539356
615.0575461823965;140.05770436657355
267.9886363908813;63.83204574599099
407.61674562071727;95.00356356071715
310.03292466757887;73.29313643316068
375.00253497100067;85.28125732087261
727.4745280287182;164.8145965357428
318.20806415447976;74.15436767972524
579.4125010879902;132.64596165826637
491.76889013312666;116.17441483189128
673.7610304017687;153.59490835386345
938.7248471450152;211.20593668573096
740.5949342939427;168.85268704664466
238.49216723303405;57.9509646784767
60.247641009446134;18.67457551252999
284.39612297083033;68.17399764679834
607.2255927792472;140.64617397626395
79.88303907972283;21.44338016221311
511.4752597851992;117.99818922955528
608.9375634493825;138.0398828288826
354.216574092452;83.48315894668168
777.7848376334473;175.1939777678723
133.40030553975865;33.93070040514182
102.8836482837345;27.339312708183684
736.3430935174953;167.9712972931937
510.6265767200125;118.25630132234517
697.7503245349039;157.2593540212325
451.78251844563385;104.4470881690393
269.0099722419336;63.472614038476216
824.5292481439737;185.1379296809989
805.4334025999099;181.9783315215558
703.855576728794;159.53974409187884
293.9807831130638;72.10248877121957
602.5237468630145;137.98818413522386
380.144680031826;87.25421210624748
118.83461112683513;30.578840443732787
919.7941681983755;208.376100299072
162.71407199139256;42.88553861097629
951.7302332061784;212.79466799312127
462.62559976921705;104.8977075640887
209.57894097346104;52.97833218953321
555.6439189570074;127.63127634791252
876.7574608001161;197.01834864414914
740.2581398172744;168.3914198459228
812.3643134256063;181.08440121461652
669.0198657093958;152.18774596266425
701.5082675823169;159.65964004095278
853.7197820183598;193.742622183577
272.17796859341036;63.86525713825774
504.74221473384625;116.12897440284954
244.57315856501415;57.880670258243526
988.0379677567475;222.6237366621588
945.7375594960149;212.16691676676027
68.24400702745072;19.60558070687894
714.4079173402179;161.17392642005768
927.4908678931959;209.69912717832673
205.15808477351354;50.99322976682964
580.9068736360506;132.56489162997374
918.0236486604006;207.00344070024818
62.92759922822488;17.39548041557593
706.4976592294347;160.12980838246884
318.42853715137426;75.0040735562606
926.6643095152344;211.48694118438155
971.9264978104068;217.71186249251534
945.9384944400309;214.57064601555922
489.9877901577399;113.79417260816858
866.1813714596341;195.84053812560964
849.2129165790183;193.58546213157913
339.527459045958;80.06814646271762
834.0480099261571;188.87972137942248
65.89740567402784;19.44430859526858
608.3817821275915;140.06756095048874
253.10857216907195;61.78035511100671
146.94987920396045;36.70329613737509
104.64460558033288;26.70256603307447
705.4001126017955;159.98504413499936
359.67871485502417;83.32927870370766
733.0237683828987;166.20170446962237
93.3956505749741;26.784481261178442
335.831627695692;78.42565643796544
553.3065536040771;126.68461841158538
797.0014698937946;180.3983461114432
339.18992784410784;80.470215007909
637.1146351438988;142.91833039767315
889.3984157891015;200.06095117883703
627.3872925368354;143.23648805038326
255.97069051102474;62.51363086885231
53.66875810984188;16.315224336659007
873.995907683902;195.40254698441657
50.63132852487552;16.75860372143875
878.4606225036734;197.62597456198253
543.0690200063956;123.28551774231667
940.8956675575093;211.37270147293884
804.8197387004554;181.87581715644436
997.9960872173374;223.95439452327602
370.19046098815886;84.23633536029588
774.1726402631931;176.2150470547896
419.8729862009649;98.646932005491
495.4793516947916;114.65697936419366
638.680299321819;144.37198018037537
877.4668007607486;197.84120463341716
984.5609651233162;221.5968910119001
775.2252114485826;176.14834090825008
435.23377870231377;101.41977180322712
438.7162922087581;100.78341048714829
745.4548325412247;169.08205871548302
261.61383139525327;63.01232331157096
137.15988973745283;36.63099806438639
373.98349291155324;87.98087498036644
308.6218219044593;73.68585750635657
317.4188768423104;74.91597953323765
256.59951851841265;62.86235321925429
70.83039394727102;20.992449464359122
47.337716691411394;14.553209761936937
988.0907180439506;223.78332793979433
444.9399397237865;103.58469001177205
402.79684774489124;93.17226248274758
689.2578642122777;156.15723715930184
241.70627122911225;58.47195521554546
951.4623484317186;214.78490145024568
792.7546639830855;179.60331834191
116.72867224289173;30.991616566879067
435.0533525113805;102.4116949270801
882.7447583352997;200.27538998600082
946.390061622668;213.39644914825197
483.37946591237363;112.28479308148968
625.0090475343865;141.4694665540375
192.02292770931297;47.64297114599566
991.4335673528673;224.9246911673639
254.7215503419401;60.820695179834445
944.4498209110719;211.93132667181675
660.1572495225975;149.5825060063784
619.5046910324934;140.20139898980614
527.3078556860133;120.22296634279523
253.74971736622592;60.45442972197967
201.232191045343;47.86551501079682
243.8716227980701;58.667375349525024
210.8451142799269;52.28820231537057
786.1969393597507;177.05557047899822
369.6215013917282;87.83601422982197
86.10739626649448;24.45441926715638
970.0295512365869;219.43708185767318
887.272308414523;199.54207329734294
929.9197146993566;210.43686246092506
995.0605879670422;222.82139545235398
198.67839174290268;49.599493684275096
414.354758335579;96.32988617362092
765.4913214329686;173.96134193523787
705.1399995121784;158.9552052870544
179.2790291496594;43.546316570648465
821.3581312408993;186.29601709125123
247.70735468156084;58.547270025719186
247.10308637794438;59.825885295246884
550.8651902066111;124.8232040389942
605.151736796452;138.9815563078861
592.6836216026768;134.15787343782037
118.74223227582223;31.675591038360416
881.1370367514689;199.47577901896915
287.6320413110449;67.58227727000029
155.62947364432006;39.820510768835135
892.0856374729078;201.51928250737328
956.9819532828608;214.99718786603665
866.2637887474871;194.56947884037095
815.2305924831318;182.38810465461643
665.5847212198511;151.77828871566692
564.3316494908652;127.58816011662827
114.37715711406783;30.25831876453623
426.19961667857774;98.50046745320485
391.50786150194455;91.810872305866
281.9611702475164;66.72941195496374
731.7175102779274;165.64840447479693
510.9994630264077;118.15175257009798
108.6148294304185;29.230320503776184
243.577705891317;58.90325125327252
692.7610007498081;157.87668775476632
103.84693370559118;26.310753292022955
855.6707066273057;194.00434413799422
510.2921312035551;117.87673765879572
496.1689800068486;113.14049247293019
604.6355511197321;137.77574077266686
829.9405369473947;187.5476108407992
367.37493166512724;85.68798818192626
687.6756679822917;156.6225069226727
578.7600050759173;133.758567898533
289.0174220643387;69.66559958182734
882.2710867645033;197.7874198947593
803.5032409587203;182.3927830012245
668.6982796186727;153.44255483564342
855.0642772214146;193.50094950940044
871.2753749310083;197.7715629100078
717.1120874135837;164.7769296766892
841.9029285127618;191.24235381891458
706.5473178192051;160.68971851586684
689.7365486074914;157.78712916773287
630.0530368687288;143.75655594421724
760.135140370912;172.2536339248856
183.84695213428148;45.094915233828196
884.4446364229606;201.14123337188346
875.6882219128751;196.83298015489052
58.36986454352237;19.37373792425304
831.0422480478198;188.32915869426074
155.00377144924184;37.70152354403126
355.06528863136765;83.4820127918923
751.2030086028595;168.1646353849775
185.93709916685896;46.53166983354001
823.4280133954903;187.03939442999686
837.1701526190096;188.58507762053006
522.2437017480111;120.01716208051802
36.194295565328574;14.916902458122571
308.4269891796654;72.34819091526445
628.41911082447;142.19329679432678
981.7505926866007;222.46679379351477
642.8591212061683;148.39159385588783
282.00947363223503;67.04577987093955
644.985532006623;147.90828007686542
553.7858183243798;128.17435594689442
786.4500332966093;177.27652309271568
133.77121966214966;33.94436249030505
768.1970654269671;175.2342289070875
555.028581315827;128.79130216819044
964.1022437432248;217.6653744836838
361.6160010575255;83.67570587915355
643.6432363399297;148.58857310648395
934.0672623447169;209.96382681802578
129.43443615095887;33.140438172039495
939.1116326193576;211.9468970107483
697.249150631789;159.94897355970835
95.80194733201675;26.93040438959591
321.93465993841176;76.24049068681249
716.9269259859232;163.18721224702122
95.33008342470855;26.016133022079348
594.7053463709851;136.39331571613522
365.50656524436806;82.88188427606667
632.2880522344528;143.80676403250982
74.36977279813746;21.60267195050702
875.390701967805;196.43494034929756
974.284300102075;219.72886934026806
969.8115196271208;218.15406309698048
757.162276790637;173.33117659225562
156.18365292671302;40.93342336909172
765.5153000511519;172.94756044213526
53.849308965037466;16.69601026074155
51.45984498312734;16.247218330679623
343.901912575055;80.20676129035249
503.9838946925258;116.0714818163838
777.2951952735594;175.2466608912955
692.7965153083101;156.2846180328907
462.5256251854459;107.37834876469837
295.4178662932159;70.62146016872931
997.2107651529798;223.58205257399555
443.39586316889375;103.44244532791923
467.8454135997852;107.29441326278742
188.7151065559191;46.770488680340186
800.9652622874315;182.0327017158474
702.871759008044;159.598174417066
244.14652440509758;59.1669762812626
109.90961424736741;28.663685490533258
690.0843230124717;156.62208447931567
664.8758778527011;151.0668336967139
295.06174118826306;69.16700471487763
952.337655382898;214.33751002112177
176.52615502747324;42.28713580718037
449.36475701132383;103.36909279534913
945.3074425625709;212.68276187039595
437.1354974183386;100.91362967953911
649.370169234163;147.61993978564507
415.66656602391043;96.38488032540016
295.98874627820993;70.59696569929224
984.4583185210333;222.45534714875984
427.05398612559173;98.30211172078191
897.2762275687604;201.19756920973813
253.05596771435359;59.63026848491469
236.7115629043308;56.58934091775785
60.20006039797602;17.892091969738214
662.1168206146085;149.89570446901644
387.47055341204833;88.94740508640074
868.4275023444479;195.59792968830436
489.01360949081044;112.76442070809226
969.14762507728;218.80750698283717
209.95975023202752;50.633721997937734
872.5644729169425;196.5511862195839
783.2989472079895;176.3990700769104
777.7941893047305;176.08328247666594
849.4397312733811;191.02831224595303
768.193271214709;174.57564748047716
637.4337119824729;143.44955014420992
157.30753135191594;39.24802722496904
61.55039410651436;18.8421940426249
923.2224123812163;208.29276524019008
628.1508050851158;145.88621078270597
802.6411722468911;181.93085791888396
497.07668096717356;113.35281521593618
143.78894329352264;36.5381032774859
151.43021843647392;36.53840172255781
694.9983286121022;157.81903254536573
447.39671805247883;102.59422191454458
224.5089848993266;55.307366953412014
506.84671033919375;115.95673600002709
92.28266896288007;25.18542125603837
594.5122598569668;135.1571393271283
290.92360230204474;70.74204385830318
803.6323276180725;181.47786930985805
331.05110015586655;79.66379907776984
471.56354460934716;109.55813157617465
41.271923710857614;14.561889943724061
100.27348116072211;27.428899002676385
410.71874971448426;95.75192223540279
495.5406696756098;112.09127474928854
612.0199316757246;139.36550157450864
312.91270134802414;74.68595226774963
704.1324295427463;159.86023731593008
864.3187252735285;193.74492971337267
786.4554592265494;177.9677965792634
68.43026058790643;21.758762845594905
496.0917388400941;115.38707426035542
131.78227306562962;33.93009606507248
264.78366538665165;64.20385566212144
987.0627154691321;221.78729038284098
168.22067661446783;40.3046772683562
513.9215088478154;117.13826595838984
629.6110622885756;145.07732247199482
711.3910214277809;161.23203163228249
572.8592229823067;130.78564507673246
39.477721996608146;13.385260642978912
346.66746899667214;83.17097976884088
532.1802940831701;123.70562361365948
115.23050417048836;32.56949115095557
370.10812327290535;86.26474190963913
62.207015527625565;18.98116790482472
106.22114224037013;26.852008743460637
415.0155779155482;97.78036156753888
158.73428142176854;38.75376236152115
580.5146228137114;132.92999258277914
698.7810200631478;157.63452188625968
806.5690981358103;181.85633476313959
224.1457369174658;53.47479969079277
192.45810479129767;46.732907793409666
131.43080512436825;33.37565442421204
647.3373420573276;146.86594645768702
715.2814546922941;163.195253944085
60.638560480872776;17.235620512729493
938.1258788563791;211.6082347754173
80.41214514192824;23.90863108352977
555.0574452420384;126.59944158873506
717.7887038673889;162.19559596007795
874.840050033703;197.23428638223444
722.664324168455;165.1658765254208
807.6762405776981;182.88288055804693
359.2666867665219;83.50745679402722
820.3803603341169;185.96755592469376
107.71140099313489;27.594216068653253
897.9721563787118;203.23523391375954
561.1646048691241;128.86482037890906
822.7788368636188;185.70353563885726
468.74873598275116;107.28613611775803
654.2703643406293;148.052799232655
540.6105811080298;124.46914518011246
739.641836102672;168.9501844450769
109.18108256967189;28.38253041829902
88.54152147084689;24.9375214271378
269.6901369898421;62.24480311916318
184.7583397097927;45.062217005497196
875.6300595944356;197.60755417790492
242.637567737303;57.47058148522482
976.5892981445573;218.91313921701303
356.78891801797363;82.8257824074853
206.65437821803832;50.7561559362948
796.0075519282047;179.93433240579867
668.9465422358498;149.930008058562
513.2498449595448;115.79426573846479
568.7026444095023;129.50771659223335
727.625724924096;165.53534606935466
251.60109909135977;57.604736957373916
996.4438985750397;223.7179275103571
975.5493672823796;219.09461294560612
660.8159157565287;151.76783924464476
223.5561774012708;53.79733721656671
689.8213951583526;157.1436959195785
100.03245670980057;27.14839761624359
59.73292713963188;16.010677490911814
279.95240185587727;67.35773562492474
478.7442680371368;110.53913547362639
872.224330246129;197.39762129382297
735.3539976733188;170.70411719456646
750.4253255639816;168.00945868457734
442.7285344146331;104.12497422098039
365.55694277055403;85.13507989012153
389.9076000950646;91.06700092531722
988.0200768239761;222.31890465597348
68.905915670108;19.735065114025716
871.020551238775;196.05468834429175
591.3151463152216;135.41884092492174
455.4569566139027;103.68335675838692
733.4999306026824;167.1205639001119
502.06887318196175;115.03895769514632
877.2205409392108;196.85844966758603
903.6808080909208;203.35976492200678
439.06929906725173;102.85239501165796
298.52296331800005;70.13971684294378
604.5798187355614;138.3660137400331
914.9924452481903;205.5673816788864
234.3423233354966;57.31323298373287
634.2775860565783;145.22657667123744
642.613413489745;148.22355980104032
741.1196317428225;167.87075503792175
157.620654573442;40.34519881091515
724.3502157416259;164.45511500269663
911.7615450456718;206.88341169191082
204.2926156041347;49.22554304530091
260.4170251761613;63.03675085163277
972.2532412203905;218.7010157723692
205.54764412820506;50.156293531096615
858.7535405684918;194.01753140951655
507.5095207545937;116.90433496243729
269.81414217108176;64.24288223451603
874.627404234336;197.63274211472444
461.9460973525855;108.20625947513099
529.3728333117995;122.44747301421111
378.45636831777273;89.1295556224069
605.1623258918796;137.68017217018965
188.61815640747207;45.60675358141553
409.3490905522079;96.01210047972349
970.3299526652289;219.34863637888014
280.3894297200937;68.15834521417159
667.0345646050534;151.14362358714254
345.434362297954;80.76601105018953
780.2689319160027;175.01968085899514
156.94745089679932;39.13596809123498
970.7264137261884;219.5563815303409
470.17585514213005;107.97219275204041
258.96894944607004;62.613648673336236
101.29184491011227;27.093702774226887
194.6651679349145;48.15039397390275
534.1807300993371;121.3720692320385
356.8930811383477;83.60168730007041
834.0168649061312;185.49257430844813
447.9608979519518;103.36450139126741
271.252844410001;63.045152526485076
628.6306370059092;144.50473465784683
715.5739003788824;163.20366543611863
192.03065066392136;47.71341412802878
192.59063979966814;48.89094698308637
65.57128412553668;18.476765986793232
744.3099546136713;170.49555321292323
673.8903917931509;154.1880777587536
490.3919494773195;112.64967359779133
848.8453355001212;192.88159395720962
811.5000483615515;182.4237171271297
597.7937334648495;135.69010720073922
872.2231420978609;196.28050153828968
229.6659737356652;54.997536513782336
138.56203081579605;34.427089136714876
291.65712317147995;70.38765016482093
85.37425040663541;23.52348068908996
545.2344421610011;125.30408224377712
938.5075215261127;210.9013033693311
68.16323444845436;18.17530827811144
148.446616589726;37.92831300813114
468.6330574349322;106.18701766026531
935.8587670020678;210.82029469436947
336.671421827448;77.69939776320575
522.0177644277406;121.83118417333374
70.32567327888033;21.383010843528396
173.8929049332262;43.36219287658125
987.0312192700815;223.4105749170726
966.1651355429642;216.71001384198638
34.791781506377326;13.197671310073105
953.2574318605418;214.9164454430379
649.9463396810354;148.25221481116148
871.8807456844214;198.08611755067946
471.09765996484333;109.37397729504534
530.1281477218728;121.91691616163703
504.1811828492126;114.26497279059848
676.8583298197212;152.94878626505923
165.4617171136235;41.27886883140145
59.074382176497615;18.089736453106127
328.69204334345517;76.18204581088622
713.5403398545473;164.39055144357883
225.7978485592599;56.19192073829075
683.2294603251698;155.91259959192985
970.8146847240523;218.65126750057527
121.08369431573584;31.426203779560733
682.4240546783725;154.18137356921972
460.43771272543404;106.37377731811436
872.0979867461803;197.11930962430242
201.83529576396433;48.162004492590526
701.8471736593796;159.7405546223084
842.9718309586669;190.29854376208198
946.2757928898026;211.27286687787918
692.7505874409565;156.5447442262309
512.2595210881744;117.28348910597673
629.3118229951774;145.33628871627923
872.8378349443567;197.58087681229225
583.4914542396648;132.03263836362635
59.47544790593175;18.57063482872262
933.0202346417684;208.7171476322507
698.8409485006143;159.8276997240222
686.2179842039291;155.49683187304652
239.20489782578565;57.531441332933674
669.1189061256775;153.53195599519123
412.0484734845337;94.36350059801316
661.6959877302473;149.17599911554143
133.395239398751;33.763353341379215
668.109945464945;153.0225668533072
999.4313139975466;223.3555430039834
76.76567769473935;19.05629349473209
977.8589586946778;219.67781205442012
424.70072190118447;98.9858996181715
874.6308468271413;198.61904805170994
788.9139195365252;178.09790093595015
580.0057731570678;132.1898434874389
746.2957329737867;170.33896198848882
882.1600944623075;197.20547908201223
422.016112001502;97.45502386514742
347.2221667163415;81.57930056752019
677.5655839966772;154.51364720055403
813.6105636830208;183.4845173170737
769.4165807333172;174.30608877303564
803.8792393928754;179.36510531301963
452.515815368545;103.89523096874606
823.299189689771;186.5793304443041
146.60278370949018;36.270318381833164
558.154425022024;127.85295772643488
35.585900683177925;13.27577065110184
344.8482550032622;80.52406689985992
385.46768882525595;89.97335531255288
414.2875108609777;95.18051982413049
704.6031904891663;159.80609062792055
406.90135823223534;95.128514980681
465.23281394385475;107.50819202861648
260.4178069480976;61.705386259017544
392.0542378804599;91.47614873799196
250.45153844525694;60.81394824859314
101.00004605539033;25.170068853608395
615.3451355799366;141.53500389254194
678.1664145983658;153.8603564729594
630.9056356293261;144.22472977169198
479.5892224865552;111.70687587068737
398.39220677385293;91.27461179301719
867.4336400846705;195.12595981619995
533.5093315821315;122.08350425219322
494.806421300839;113.07365916506016
54.87280383224262;18.806953418930185
361.01039279737165;83.56551432159497
398.7897502222813;92.17819826941503
416.8580974699935;96.91317047500154
592.7671981505123;134.20663406703662
547.594470325072;125.07510275975959
619.6679400096413;141.64440006337125
771.9367636958644;174.49322760870768
818.5961665546107;184.99776978311442
726.5793839396996;164.31813235428555
956.8579850762867;213.9942864076023
47.68560519607078;15.812426354474809
219.90464611303972;55.13395521651598
37.33598872879786;13.232319151118968
658.0504727299649;149.99636811783984
901.0896324814873;203.93244190104406
266.1778276790103;62.28979159283557
929.2235084524175;211.13168651766148
88.45936858087403;24.663389884215086
936.4029460013488;212.64050501938587
371.0740066224454;85.903248461414
128.37820359574002;35.06126671362063
501.29560641073584;116.06018890439667
279.0732706888927;66.94915963740875
306.3267149030651;72.62590173302748
328.071265978498;76.92714989719511
808.9351208976835;184.16625825596424
552.9864383749969;126.79737631234735
331.96846818132354;76.06599329630403
622.0237698115908;140.72804289684296
724.6661539964978;164.24070812703678
294.44528071152774;70.08796073970166
431.142628479591;99.79478977661013
148.22951053683911;38.82946310789827
205.7148690486399;48.30616932666216
690.6843183460334;157.0941379726325
205.99519726475813;48.50096417285963
539.4084821570484;124.42957837003482
717.7748738707597;162.81601353712514
133.67061540190153;34.82714536044246
580.2928530400364;131.80054470821824
278.86590019032286;67.62996297352878
964.0390689804524;218.13031983975839
499.039277318327;115.37218531304383
811.8127732819033;183.4692928751553
563.7197458915739;129.59820138144138
72.11015686917459;20.15734194323106
644.1568343262016;147.57005921078508
952.8612419404573;216.2789541212245
613.5634655419412;141.05457297920626
824.6131936439865;185.6853001318696
887.6802694479555;200.65107659582333
251.2373787904645;58.97908179014354
235.68349471097986;57.42275914759124
622.651559185462;142.43394643366418
428.6976157125036;97.44365911721863
844.6654637807187;189.66461818784575
903.0224296960708;203.38179563639181
372.81873792363655;86.71926259605922
259.7644422052476;60.93870034973566
787.109749786546;178.55312368239228
296.561854481692;70.49508159491276
827.935888958268;186.95162643884044
441.0261060392999;101.26995182848762
677.5234023127264;155.10385563521638
122.66925441962813;33.64264308540648
635.1435449362758;144.24801840213416
468.21464837511223;107.39505572536987
599.0102092802099;137.27345370705817
192.97378151251752;47.09620255300687
744.7675325958567;168.70945997042523
866.9131652169317;196.46054949944966
240.2376060880524;55.94291725186424
122.84311885455688;33.34378847285518
52.929428464946305;16.717154786617527
652.712355429968;148.1852250500308
618.8812150061174;141.06463314712437
560.2964903326479;128.22765722820307
254.98868323249616;59.36630900770423
409.1788160283492;96.51427775369007
606.6420451305878;138.50257556099996
511.8638530933943;118.05304981099411
988.1519546084406;223.344979784431
162.34655998003115;39.69508073804655
704.290217426166;160.41731973279175
422.18920506116336;97.61398402255715
445.3536264778463;103.82456860034269
726.0698326884309;162.60813577110332
701.6630667846385;159.26678039237922
991.5183138911227;222.53120840026304
154.54246077050146;39.43160432014448
130.98635990264134;34.2870433659493
732.6086526148789;165.46627768045133
591.0353094962168;134.31559422499166
295.9358465630117;69.99522087530524
107.036787919317;27.651451114934535
113.08850210853763;30.721454159330406
897.3651484241948;202.0511254528754
216.11130497718062;49.637498875658096
343.67041525205514;80.23266929883032
249.85671016017838;58.929932414395275
374.3464166569792;85.72493584907448
97.34112746371056;25.17762140379375
533.4879971810223;122.47676785165785
95.58418668444845;27.35716189882689
806.3458125876907;182.70926324315695
256.70071945312003;60.867654891470664
553.8115571663752;127.29444677177325
883.6767149346146;198.94978697539622
661.3510479757783;149.8026301855081
546.9690529547952;124.17882898182197
344.60374052191435;79.06099410806944
353.011855666452;82.27268454006
679.4023465422445;154.6265697292139
994.3151803845325;223.65271601458227
671.9840141538973;152.42051618591006
571.0499148489241;129.6852352060665
738.7309949320687;168.1290650767401
481.2494439152066;109.55774574139886
88.33807232276166;25.210403824851042
575.4279114015725;130.59192348941923
958.8965259702188;215.2048004760951
200.04385408692985;47.54286270850889
699.3047440960457;158.34564155424445
224.9056779992848;55.45456161832063
549.7528539388888;126.4612559549995
123.77615615731803;33.209176466638006
466.8598081704396;108.23130034343063
763.4784290283886;171.86158455771513
367.1443785118126;85.44097404827122
674.9643727526014;152.71196287645486
801.5864619660373;182.67959653656726
929.3624848950691;208.26295803048887
257.60281939978995;62.5663179573429
417.3364383350289;97.70697030381513
177.84353293050492;45.95519744642717
992.7089970936239;222.98629276796777
929.1909388865664;210.1343287146248
553.7584163721428;129.10850343841028
846.7722955451286;190.6722633429946
535.3292379538809;121.23739210232144
634.8781173626769;142.79317578588117
116.45069915253612;31.33186584241928
762.6123078819037;170.89155752596022
153.88207912617779;38.48173835482119
831.2856013449525;188.32014548292852
788.5672450402743;178.66996944569027
717.4823568106872;163.27156336253537
65.07556910901926;19.53891505978509
324.0345052669688;77.56645697204652
285.21919281351757;66.79590603823507
379.3323152473735;87.77611421596363
115.01346436092338;29.53030271413232
938.849088340131;212.37699124669143
567.1881734910049;130.68179675641616
326.3585813382828;77.25011321374073
415.07207156205493;97.49934941054201
463.78646428969057;105.85498127635555
612.5765033597987;141.43405485070687
530.2090448656029;123.1692284921449
921.8102140179848;208.5338690812024
512.0545784186553;119.43380616087524
992.3932743786133;221.66989715561718
855.8822090127429;192.76963784654077
232.25519892661572;55.360840303173504
932.6773582045988;210.91049812876906
142.8754059489118;35.382448569158456
822.9262172364558;186.80126294135775
399.20459467228267;94.1955469718989
881.6350908317174;199.65492288306186
872.0149894042269;197.12704869259142
811.7476381140925;182.5966070441996
796.3295232178496;179.34564414180153
325.53876492509954;77.86814718881857
108.4917045597146;29.647524007042545
420.8907734022066;97.5569506291079
198.3187795369134;48.212221952355065
704.1025562353879;157.87675449867396
365.716734741652;84.386829224479
976.3418948341174;221.70663595064556
651.742915024972;147.10298573449137
827.8061467253301;187.3068321007937
158.54893255959297;40.888209136305655
866.1540478044438;194.29896784897537
925.0744747979925;208.70109493033942
502.4500612543678;116.47692901347159
618.0653496184481;140.98687623796584
771.8655068759056;177.678814568366
199.59346844260017;47.24196379849384
517.4890941695392;119.9063292471825
416.7031369391437;96.50188838921514
171.98277239738164;43.60813008226064
386.5083896227855;90.47315286871206
96.12714010392877;25.414814625754335
55.03754974100237;17.337257335479862
161.11130048017807;38.586584654240895
964.2216582414986;217.7320123137011
563.0436498181665;129.16776142598715
966.8474963186234;218.34510935874025
449.52294198022804;104.95316556073732
332.4616490927018;78.50918264060411
520.9576069550368;119.75876294990638
456.3263379739228;104.51072601760174
132.4947437338916;33.4366228578071
651.6015252495;149.53907017506734
239.55703703431163;59.13888355325454
631.0003162508947;143.5819591388848
660.6950596262088;150.39891586501923
177.46410753478867;43.13748928265974
89.50913829734812;25.86476727068403
787.3387384863867;178.87993929069683
476.00641105624055;111.66262786883667
86.41888164031151;23.13383088368879
995.0203276546741;223.52646418501007
86.04714416647563;24.16181763915021
704.1841719927966;160.56700737614102
984.1685575055112;221.30141501366484
262.00470108944785;61.768073149224826
167.9818876265803;42.83742280677124
147.74339123975602;38.224681435291906
324.1768931405677;75.40264239036117
128.0144366803273;34.5186188707775
701.3965014433079;160.47742902672434
90.42304418616081;25.02736621820317
524.139464305296;120.39028000954114
996.7959482373875;224.84916638334116
819.5511614208383;184.43955244232816
626.7628550840806;142.91785959766182
327.06601216301334;74.80213913125375
635.1789612028894;145.6158271101386
541.230219994302;122.5091551763046
443.30088237366033;104.02961395063427
156.7890654379935;39.16347430239212
890.0060887832527;200.58967255038442
466.29110935668285;106.95631015238573
218.7838364661421;52.844405148629185
386.7265703509709;91.49837682236164
431.70585995305925;97.48748053313795
832.711758699868;189.47355230005917
741.60594914456;168.4913322929049
776.2257468320996;174.5626426552047
40.7003264957878;12.878759436024078
433.66937823436865;102.08365623876931
496.9038270862639;113.37333507903533
48.61650851836499;14.542281363444337
282.0188124826832;68.18145328855503
767.4811284284709;174.18440113054953
162.99641455712907;39.921285626031995
549.2508275090139;126.05180702738767
238.74581585672038;56.49832680483821
41.757151404576476;15.28739470742943
263.96541387155526;64.1337620166153
976.5975422627522;220.38346549662742
807.4909985264999;183.009680737077
960.7893449914023;218.1348440229759
503.2184226085716;115.70773930127397
136.4441127171784;33.83583067235845
561.5207043044821;128.98402885981838
470.74601452316205;110.65017024463276
849.0263702574275;190.7710419634482
125.14010336071725;32.16935997266381
503.5939029111248;116.20710467854892
175.54720475316472;43.5664801966905
344.93564908335816;79.90353921796148
745.2363650661657;170.07385817078693
491.73758548770354;115.50230952931203
394.61163659139623;92.01069150913108
412.6419902129343;94.87716955710954
475.663365353807;108.09697985278407
791.4660475219451;179.38050643604913
895.3221482720273;203.07474996316228
956.6746459088105;215.94358984643367
793.2962846676362;179.52277878596112
335.94468887557235;78.31855990083662
697.4906649039459;157.35578264615
454.47503033373016;105.81925799974552
277.03050338466966;66.86048236601292
845.645432043145;189.49626526280116
67.27355849345524;21.390021846740837
904.7091323713609;204.6100803425934
477.63314068599215;111.47888559606407
648.085432504032;146.23666740240193
669.5733045396092;150.94030284329858
898.2642084853403;202.46915655700758
647.5695917021911;147.96809460137726
625.5155772172599;144.40978781072414
94.65247934386926;26.52962436946637
532.8557812868479;121.98559060629451
175.6639307925304;42.619695566690794
745.310755659841;170.19836681788416
526.8552631882942;119.94345247567401
689.8209458321027;158.3890766378349
70.42271358431273;20.208612338942295
112.24825556442913;31.285198296792256
724.8336864208018;165.14234230263565
99.92180591871316;26.845801812674438
99.11902593230084;26.28678933328006
41.74522097784083;13.843040737778903
957.8063563504957;216.14571508948427
745.3831086752367;169.0614404047698
372.6538662470022;86.39003916627179
317.63951384902555;74.715061636468
369.2121328534741;86.30524625748346
781.4139252457464;174.7823294596494
671.529492738302;153.19465651721512
209.6397008314439;50.141012958200854
198.88605527406182;47.601599757087854
125.4437802219954;30.910287301728275
670.493638110298;150.71470788639766
771.4414823550838;173.36167861500616
287.0950354752539;67.45188684692536
50.31661219998543;18.022913821523364
109.70651745213452;28.60955416357439
968.8242337996795;218.31908154219752
316.58143415309763;75.04839690018781
776.1464534029896;175.88328493487353
635.9236617886359;144.8257621327739
400.48145046330905;91.91062533832876
229.51664432968846;56.94458930081067
147.74482561462423;39.31105827885522
626.5625789977006;141.16110868537143
781.3947672186544;175.88282019721757
654.5871259348968;148.7293573633003
544.3930692516835;123.8019374404602
70.69268672868718;21.058356633767048
969.4341142665522;217.54723293623488
804.7527659049373;184.2106645668928
314.0373755999358;75.27877122632947
980.5712194780851;220.93824231581095
613.8251419472324;141.06851749171088
594.9499784610291;136.99489568578372
755.6309840466462;170.67486900220393
817.4166944474334;184.01545553389337
666.7842491115575;151.7706778675123
154.25287397521402;39.797268399045024
358.11948081466346;83.92534617787938
930.2411311162682;208.07605236338802
247.87714348853638;58.73014712352716
391.00201312238795;90.94647002333097
449.1145764558701;103.7295412159656
456.2228400036186;107.3415669775859
624.5513950196897;141.01531896193273
944.7835626123664;213.35797301655649
263.4719304775298;64.45293781338484
147.8563350118905;39.799843448038715
221.5463751641392;53.335805112926664
890.3171532029914;201.36120315737833
656.4364882755498;149.9857877778196
307.3295855619853;72.80799055519006
821.4685307995587;185.6242315746636
865.528896472533;195.8523326134573
851.1189085295697;189.71391379128565
921.3587376303678;208.38099176874357
274.6737895681607;65.55441160865733
762.3906708838899;172.50347269767752
476.7233123559158;111.92599091402104
846.7385963033597;190.60755716794858
736.6359568467648;166.65683451722322
783.1540231047329;179.28543838524595
666.4769825506394;150.7928748562908
202.10590638561567;48.91318412189891
558.6761113300302;127.76171906917578
985.129647338773;222.56925689665962
939.2664245022054;211.84641589783848
71.87852372310132;19.52064987193003
189.870371257554;46.2393131135347
157.77691025092506;39.1035658219913
734.2005126857366;166.44689174563902
823.2517699612367;186.5412330501019
237.10602532135175;57.58153132658536
520.6771121632742;117.77295292187192
845.4819371708641;192.06996716515096
740.817498423263;168.2324184991145
555.9700893270929;128.69795169955432
602.6372597450097;138.0243954711928
523.1097305087916;121.18546366966991
318.62199777925593;75.56338482288643
578.0713330732456;133.5219190323168
698.218742988588;159.13037409350716
877.1232283849835;197.86919499825345
647.2026133598706;149.6570096596184
768.2878909318632;174.91237312728978
185.2694859059358;46.33303132031029
477.7107501871962;108.82006062464482
39.0516712322805;12.303060053638172
269.2784985859743;64.5339851710562
734.6678636596147;166.77245120288347
992.0556528088825;222.63812105294582
126.20275659959943;32.905589151523934
419.44948638544963;98.86751393284251
806.0688396381847;183.03054719495094
227.91456559003188;54.000195920054274
568.4324008232177;129.94361935396492
741.0791571487846;167.23244809188006
627.5058867523736;142.66359516911362
212.38399257695366;51.31086270130017
374.72303162516727;86.96142137493278
790.2780309508353;177.6060314372104
567.5997187080561;129.74428343425419
35.07272513662535;12.155391893210266
768.1610372272511;171.06597949999298
64.2520142920319;21.188415168748683
753.3617692492952;171.8283588890616
226.40614336028028;54.43305081433667
959.3312757157988;216.07169970721634
386.90252876302196;88.94690198054728
347.1236678479367;83.06292980435694
174.42140882247134;45.2699986357168
326.4360890255084;76.97263331385837
880.3512389733545;199.70080321832333
996.4443074984299;224.3930344285885
387.2602445916429;88.86052837128551
465.15231202590627;106.92168527673573
730.4088100566549;165.82186617923605
889.6099070511223;200.25963183250346
605.2530041611806;137.93700763802468
409.77992723249446;95.06018443363966
430.243185623165;99.57262233923085
704.7496021019026;160.09717095291606
33.12171569615032;11.226172386756469
631.0016573360455;143.10334846480205
374.8282201281167;86.1776241624857
800.3714113387717;182.05952604421597
120.2009206284382;29.33855559641608
600.5561989399388;138.27595411010344
496.54370318954005;115.62596409896166
653.0557601280706;148.3700866411929
92.9079866484793;22.836619974838147
592.5842738052874;135.00722967519593
574.640050320738;131.35662690927356
573.8402915836858;130.234265928482
615.3830365985611;139.8690496578752
686.1738991095714;157.48845300296904
810.8393296903466;184.04957969417802
291.7260985243679;68.25517756098284
830.2979278746602;186.0679449628298
513.30801179555;117.60074527741122
104.74653076030123;27.830779987915832
86.79440136665983;24.59096748802848
354.211169135179;82.39114049717172
791.3500677981235;179.60851449094903
716.4505066986883;164.55426551377167
794.9565157322343;180.7059344835358
531.7509847483611;121.93712813730868
456.99302801682586;105.35531569264839
173.02895090509543;42.70969606494112
348.3469710010322;82.81697453267924
450.998785188659;103.59241929555368
115.94241678922872;30.5525544026303
243.9935941298749;58.72978861045356
610.2785352418266;138.75949356039033
743.5932208120141;167.218043030759
998.3970860511612;224.97033343487314
935.1199314032509;210.66538093685983
653.2882435491358;149.22365405024644
438.6106116952498;100.96073426651579
647.0920437669857;148.5810709275499
792.0820695378251;178.38128151710967
144.7861051956857;38.564983427068746
427.6077430053996;97.32606695135964
844.6082170665487;191.2485778191976
402.31796337505267;93.98538262503821
584.7161030903709;132.84198561194071
600.1362800363323;137.45437554585413
208.9419655396302;52.2467510884788
381.3683784027197;86.68422440924428
354.4759500796742;83.48745382501913
55.41080727610285;14.69710678041255
53.46601097461459;15.796857610892001
836.7461323655002;190.713315485311
294.878685673628;69.2915288148061
532.536403251651;120.98412875095426
319.7638063811099;75.15009967485949
942.4588677618802;214.4088572457772
281.51785609980055;65.10224609475009
446.76710835676704;102.2374539268494
876.5483429700638;199.33806713659365
846.6755597880543;193.1263254969097
210.51837531088898;51.210611344105295
808.5640105018391;181.64502960787797
474.44128013575585;111.47292513167544
498.4798059227946;116.259999694764
159.47557324346548;40.76357310132464
108.18346834441091;27.987960686832977
736.1011277645522;166.89321876736344
511.56731778464075;117.38444983157613
453.74518153672415;105.15479124269488
737.6229817928248;168.7280574325528
772.5475120213764;175.8398696858402
184.14092263927296;44.433626903655295
621.9183949933121;143.1985433485482
161.29345980935497;40.797693298071245
758.8338334481743;172.6305091544573
667.2465015791254;153.2607712066862
957.9161824509542;214.62997988969636
96.88927586572855;26.27981511175382
85.34307951671668;23.244022942318455
303.7214624524041;70.25086231416346
